-- ⚠️ Atenção: Execute um script por vez e na ordem correta para evitar erros de relacionamento entre as tabelas.

-- Importando dados dos Modelos --
insert into Marcas (ID_Marca, NomeMarca) values (1, 'Volkswagen');
insert into Marcas (ID_Marca, NomeMarca) values (2, 'Chevrolet');
insert into Marcas (ID_Marca, NomeMarca) values (3, 'Fiat');
insert into Marcas (ID_Marca, NomeMarca) values (4, 'Hyundai');
insert into Marcas (ID_Marca, NomeMarca) values (5, 'Renault');
insert into Marcas (ID_Marca, NomeMarca) values (6, 'Jeep');
insert into Marcas (ID_Marca, NomeMarca) values (7, 'Toyota');
insert into Marcas (ID_Marca, NomeMarca) values (8, 'Nissan');
insert into Marcas (ID_Marca, NomeMarca) values (9, 'Honda');
insert into Marcas (ID_Marca, NomeMarca) values (10, 'Peugeot');
insert into Marcas (ID_Marca, NomeMarca) values (11, 'Citroën');
insert into Marcas (ID_Marca, NomeMarca) values (12, 'Caoa Chery');
insert into Marcas (ID_Marca, NomeMarca) values (13, 'BYD');
insert into Marcas (ID_Marca, NomeMarca) values (14, 'GWM');
insert into Marcas (ID_Marca, NomeMarca) values (15, 'Ford');
insert into Marcas (ID_Marca, NomeMarca) values (16, 'Mitsubishi');
insert into Marcas (ID_Marca, NomeMarca) values (17, 'BMW');
insert into Marcas (ID_Marca, NomeMarca) values (18, 'Audi');
insert into Marcas (ID_Marca, NomeMarca) values (19, 'Mercedes-Benz');
insert into Marcas (ID_Marca, NomeMarca) values (20, 'Kia')

-- Importando dados da tabela veiculos --

INSERT INTO Modelos (ID_Modelo, ID_Marca, NomeModelo) VALUES (1, 1, 'Gol');
INSERT INTO Modelos (ID_Modelo, ID_Marca, NomeModelo) VALUES (2, 1, 'Polo');
INSERT INTO Modelos (ID_Modelo, ID_Marca, NomeModelo) VALUES (3, 1, 'T-Cross');
INSERT INTO Modelos (ID_Modelo, ID_Marca, NomeModelo) VALUES (4, 2, 'Onix');
INSERT INTO Modelos (ID_Modelo, ID_Marca, NomeModelo) VALUES (5, 2, 'Cruze');
INSERT INTO Modelos (ID_Modelo, ID_Marca, NomeModelo) VALUES (6, 2, 'Tracker');
INSERT INTO Modelos (ID_Modelo, ID_Marca, NomeModelo) VALUES (7, 3, 'Argo');
INSERT INTO Modelos (ID_Modelo, ID_Marca, NomeModelo) VALUES (8, 3, 'Mobi');
INSERT INTO Modelos (ID_Modelo, ID_Marca, NomeModelo) VALUES (9, 3, 'Pulse');
INSERT INTO Modelos (ID_Modelo, ID_Marca, NomeModelo) VALUES (10, 4, 'HB20');
INSERT INTO Modelos (ID_Modelo, ID_Marca, NomeModelo) VALUES (11, 4, 'Creta');
INSERT INTO Modelos (ID_Modelo, ID_Marca, NomeModelo) VALUES (12, 4, 'Tucson');
INSERT INTO Modelos (ID_Modelo, ID_Marca, NomeModelo) VALUES (13, 5, 'Kwid');
INSERT INTO Modelos (ID_Modelo, ID_Marca, NomeModelo) VALUES (14, 5, 'Duster');
INSERT INTO Modelos (ID_Modelo, ID_Marca, NomeModelo) VALUES (15, 5, 'Captur');
INSERT INTO Modelos (ID_Modelo, ID_Marca, NomeModelo) VALUES (16, 6, 'Renegade');
INSERT INTO Modelos (ID_Modelo, ID_Marca, NomeModelo) VALUES (17, 6, 'Compass');
INSERT INTO Modelos (ID_Modelo, ID_Marca, NomeModelo) VALUES (18, 6, 'Commander');
INSERT INTO Modelos (ID_Modelo, ID_Marca, NomeModelo) VALUES (19, 7, 'Corolla');
INSERT INTO Modelos (ID_Modelo, ID_Marca, NomeModelo) VALUES (20, 7, 'Yaris');
INSERT INTO Modelos (ID_Modelo, ID_Marca, NomeModelo) VALUES (21, 7, 'Hilux');
INSERT INTO Modelos (ID_Modelo, ID_Marca, NomeModelo) VALUES (22, 8, 'Kicks');
INSERT INTO Modelos (ID_Modelo, ID_Marca, NomeModelo) VALUES (23, 8, 'Versa');
INSERT INTO Modelos (ID_Modelo, ID_Marca, NomeModelo) VALUES (24, 8, 'Sentra');
INSERT INTO Modelos (ID_Modelo, ID_Marca, NomeModelo) VALUES (25, 9, 'Civic');
INSERT INTO Modelos (ID_Modelo, ID_Marca, NomeModelo) VALUES (26, 9, 'City');
INSERT INTO Modelos (ID_Modelo, ID_Marca, NomeModelo) VALUES (27, 9, 'HR-V');
INSERT INTO Modelos (ID_Modelo, ID_Marca, NomeModelo) VALUES (28, 10, '208');
INSERT INTO Modelos (ID_Modelo, ID_Marca, NomeModelo) VALUES (29, 10, '2008');
INSERT INTO Modelos (ID_Modelo, ID_Marca, NomeModelo) VALUES (30, 10, '3008');
INSERT INTO Modelos (ID_Modelo, ID_Marca, NomeModelo) VALUES (31, 11, 'C3');
INSERT INTO Modelos (ID_Modelo, ID_Marca, NomeModelo) VALUES (32, 11, 'C4 Cactus');
INSERT INTO Modelos (ID_Modelo, ID_Marca, NomeModelo) VALUES (33, 11, 'Aircross');
INSERT INTO Modelos (ID_Modelo, ID_Marca, NomeModelo) VALUES (34, 12, 'Tiggo 3X');
INSERT INTO Modelos (ID_Modelo, ID_Marca, NomeModelo) VALUES (35, 12, 'Tiggo 5X');
INSERT INTO Modelos (ID_Modelo, ID_Marca, NomeModelo) VALUES (36, 12, 'Tiggo 8');
INSERT INTO Modelos (ID_Modelo, ID_Marca, NomeModelo) VALUES (37, 13, 'Dolphin');
INSERT INTO Modelos (ID_Modelo, ID_Marca, NomeModelo) VALUES (38, 13, 'Seal');
INSERT INTO Modelos (ID_Modelo, ID_Marca, NomeModelo) VALUES (39, 13, 'Song Plus');
INSERT INTO Modelos (ID_Modelo, ID_Marca, NomeModelo) VALUES (40, 14, 'Haval H6');
INSERT INTO Modelos (ID_Modelo, ID_Marca, NomeModelo) VALUES (41, 14, 'Ora 03');
INSERT INTO Modelos (ID_Modelo, ID_Marca, NomeModelo) VALUES (42, 14, 'Tank 300');
INSERT INTO Modelos (ID_Modelo, ID_Marca, NomeModelo) VALUES (43, 15, 'Ka');
INSERT INTO Modelos (ID_Modelo, ID_Marca, NomeModelo) VALUES (44, 15, 'EcoSport');
INSERT INTO Modelos (ID_Modelo, ID_Marca, NomeModelo) VALUES (45, 15, 'Ranger');
INSERT INTO Modelos (ID_Modelo, ID_Marca, NomeModelo) VALUES (46, 16, 'L200');
INSERT INTO Modelos (ID_Modelo, ID_Marca, NomeModelo) VALUES (47, 16, 'ASX');
INSERT INTO Modelos (ID_Modelo, ID_Marca, NomeModelo) VALUES (48, 16, 'Outlander');
INSERT INTO Modelos (ID_Modelo, ID_Marca, NomeModelo) VALUES (49, 17, 'X1');
INSERT INTO Modelos (ID_Modelo, ID_Marca, NomeModelo) VALUES (50, 17, '320i');
INSERT INTO Modelos (ID_Modelo, ID_Marca, NomeModelo) VALUES (51, 18, 'A3');
INSERT INTO Modelos (ID_Modelo, ID_Marca, NomeModelo) VALUES (52, 18, 'Q3');
INSERT INTO Modelos (ID_Modelo, ID_Marca, NomeModelo) VALUES (53, 18, 'e-tron');
INSERT INTO Modelos (ID_Modelo, ID_Marca, NomeModelo) VALUES (54, 19, 'Classe C');
INSERT INTO Modelos (ID_Modelo, ID_Marca, NomeModelo) VALUES (55, 19, 'GLA');
INSERT INTO Modelos (ID_Modelo, ID_Marca, NomeModelo) VALUES (56, 19, 'EQB');
INSERT INTO Modelos (ID_Modelo, ID_Marca, NomeModelo) VALUES (57, 20, 'Sportage');
INSERT INTO Modelos (ID_Modelo, ID_Marca, NomeModelo) VALUES (58, 20, 'Cerato');
INSERT INTO Modelos (ID_Modelo, ID_Marca, NomeModelo) VALUES (59, 20, 'Stonic');

-- Importando dados da tabela veiculos --

insert into Veiculos (ID_Modelo, Ano, Cor, Chassi, PrecoVenda, Status) values (4, 1991, 'vermelho', '251473758', 133003.93, 'Disponível');
insert into Veiculos (ID_Modelo, Ano, Cor, Chassi, PrecoVenda, Status) values (18, 2007, 'branco', '324377011', 460105.95, 'Vendido');
insert into Veiculos (ID_Modelo, Ano, Cor, Chassi, PrecoVenda, Status) values (13, 2011, 'vermelho', '082901428', 229660.35, 'Reservado');
insert into Veiculos (ID_Modelo, Ano, Cor, Chassi, PrecoVenda, Status) values (3, 1986, 'cinza', '221972111', 445963.81, 'Vendido');
insert into Veiculos (ID_Modelo, Ano, Cor, Chassi, PrecoVenda, Status) values (13, 2012, 'cinza', '063115631', 126129.96, 'Reservado');
insert into Veiculos (ID_Modelo, Ano, Cor, Chassi, PrecoVenda, Status) values (3, 2008, 'preto', '052000634', 212785.53, 'Disponível');
insert into Veiculos (ID_Modelo, Ano, Cor, Chassi, PrecoVenda, Status) values (14, 2008, 'vinho', '062103136', 472048.8, 'Vendido');
insert into Veiculos (ID_Modelo, Ano, Cor, Chassi, PrecoVenda, Status) values (17, 1987, 'azul', '062006495', 206016.35, 'Disponível');
insert into Veiculos (ID_Modelo, Ano, Cor, Chassi, PrecoVenda, Status) values (17, 2010, 'vinho', '111901467', 338335.08, 'Reservado');
insert into Veiculos (ID_Modelo, Ano, Cor, Chassi, PrecoVenda, Status) values (7, 1996, 'azul', '053174103', 190089.56, 'Disponível');
insert into Veiculos (ID_Modelo, Ano, Cor, Chassi, PrecoVenda, Status) values (2, 1993, 'branco', '101106939', 442113.67, 'Vendido');
insert into Veiculos (ID_Modelo, Ano, Cor, Chassi, PrecoVenda, Status) values (13, 2005, 'vermelho', '062206732', 103455.43, 'Vendido');
insert into Veiculos (ID_Modelo, Ano, Cor, Chassi, PrecoVenda, Status) values (10, 2002, 'vermelho', '072000915', 178961.36, 'Reservado');
insert into Veiculos (ID_Modelo, Ano, Cor, Chassi, PrecoVenda, Status) values (1, 1993, 'cinza', '071104715', 196287.66, 'Disponível');
insert into Veiculos (ID_Modelo, Ano, Cor, Chassi, PrecoVenda, Status) values (1, 2011, 'preto', '113093849', 341378.46, 'Reservado');
insert into Veiculos (ID_Modelo, Ano, Cor, Chassi, PrecoVenda, Status) values (14, 2002, 'azul', '065400140', 156991.05, 'Reservado');
insert into Veiculos (ID_Modelo, Ano, Cor, Chassi, PrecoVenda, Status) values (3, 1985, 'azul', '051402589', 274896.46, 'Vendido');
insert into Veiculos (ID_Modelo, Ano, Cor, Chassi, PrecoVenda, Status) values (9, 1999, 'branco', '321170318', 105238.04, 'Reservado');
insert into Veiculos (ID_Modelo, Ano, Cor, Chassi, PrecoVenda, Status) values (5, 2012, 'vermelho', '091406354', 200597.64, 'Reservado');
insert into Veiculos (ID_Modelo, Ano, Cor, Chassi, PrecoVenda, Status) values (9, 1992, 'azul', '104901034', 361634.1, 'Disponível');
insert into Veiculos (ID_Modelo, Ano, Cor, Chassi, PrecoVenda, Status) values (5, 1999, 'preto', '081025208', 108881.93, 'Reservado');
insert into Veiculos (ID_Modelo, Ano, Cor, Chassi, PrecoVenda, Status) values (6, 1992, 'azul', '221270868', 317942.21, 'Vendido');
insert into Veiculos (ID_Modelo, Ano, Cor, Chassi, PrecoVenda, Status) values (17, 2006, 'vermelho', '073905417', 28014.86, 'Vendido');
insert into Veiculos (ID_Modelo, Ano, Cor, Chassi, PrecoVenda, Status) values (9, 2001, 'cinza', '051074030', 49009.84, 'Vendido');
insert into Veiculos (ID_Modelo, Ano, Cor, Chassi, PrecoVenda, Status) values (7, 1994, 'branco', '111914849', 254073.43, 'Vendido');
insert into Veiculos (ID_Modelo, Ano, Cor, Chassi, PrecoVenda, Status) values (19, 2006, 'vermelho', '062202697', 307801.83, 'Reservado');
insert into Veiculos (ID_Modelo, Ano, Cor, Chassi, PrecoVenda, Status) values (19, 1998, 'vermelho', '282970110', 222010.76, 'Reservado');
insert into Veiculos (ID_Modelo, Ano, Cor, Chassi, PrecoVenda, Status) values (17, 1995, 'vermelho', '091901202', 94563.18, 'Disponível');
insert into Veiculos (ID_Modelo, Ano, Cor, Chassi, PrecoVenda, Status) values (20, 1997, 'cinza', '073900438', 256018.62, 'Vendido');
insert into Veiculos (ID_Modelo, Ano, Cor, Chassi, PrecoVenda, Status) values (9, 2009, 'vermelho', '104108691', 288713.8, 'Disponível');
insert into Veiculos (ID_Modelo, Ano, Cor, Chassi, PrecoVenda, Status) values (1, 1999, 'azul', '107003829', 20351.73, 'Disponível');
insert into Veiculos (ID_Modelo, Ano, Cor, Chassi, PrecoVenda, Status) values (9, 1985, 'vinho', '042206503', 276068.04, 'Reservado');
insert into Veiculos (ID_Modelo, Ano, Cor, Chassi, PrecoVenda, Status) values (2, 1995, 'branco', '103104489', 352426.38, 'Vendido');
insert into Veiculos (ID_Modelo, Ano, Cor, Chassi, PrecoVenda, Status) values (19, 2004, 'azul', '103002251', 195216.76, 'Disponível');
insert into Veiculos (ID_Modelo, Ano, Cor, Chassi, PrecoVenda, Status) values (9, 2008, 'branco', '114017714', 414966.17, 'Reservado');
insert into Veiculos (ID_Modelo, Ano, Cor, Chassi, PrecoVenda, Status) values (13, 2000, 'cinza', '075907073', 14607.77, 'Vendido');
insert into Veiculos (ID_Modelo, Ano, Cor, Chassi, PrecoVenda, Status) values (6, 1985, 'vermelho', '081923452', 66026.76, 'Vendido');
insert into Veiculos (ID_Modelo, Ano, Cor, Chassi, PrecoVenda, Status) values (2, 1985, 'vermelho', '231270751', 248761.92, 'Disponível');
insert into Veiculos (ID_Modelo, Ano, Cor, Chassi, PrecoVenda, Status) values (16, 1993, 'vermelho', '114904953', 171576.93, 'Reservado');
insert into Veiculos (ID_Modelo, Ano, Cor, Chassi, PrecoVenda, Status) values (17, 2000, 'vermelho', '061309229', 205114.48, 'Reservado');
insert into Veiculos (ID_Modelo, Ano, Cor, Chassi, PrecoVenda, Status) values (14, 2004, 'cinza', '101006699', 42908.24, 'Reservado');
insert into Veiculos (ID_Modelo, Ano, Cor, Chassi, PrecoVenda, Status) values (3, 2006, 'vermelho', '083908420', 266963.22, 'Reservado');
insert into Veiculos (ID_Modelo, Ano, Cor, Chassi, PrecoVenda, Status) values (15, 2009, 'cinza', '084074395', 84861.53, 'Disponível');
insert into Veiculos (ID_Modelo, Ano, Cor, Chassi, PrecoVenda, Status) values (13, 1992, 'preto', '231375630', 452013.23, 'Vendido');
insert into Veiculos (ID_Modelo, Ano, Cor, Chassi, PrecoVenda, Status) values (14, 1999, 'vermelho', '082902472', 411864.0, 'Disponível');
insert into Veiculos (ID_Modelo, Ano, Cor, Chassi, PrecoVenda, Status) values (9, 1992, 'cinza', '041204166', 413155.1, 'Reservado');
insert into Veiculos (ID_Modelo, Ano, Cor, Chassi, PrecoVenda, Status) values (13, 1995, 'preto', '072414239', 342348.13, 'Disponível');
insert into Veiculos (ID_Modelo, Ano, Cor, Chassi, PrecoVenda, Status) values (14, 1998, 'vermelho', '073900438', 105316.67, 'Disponível');
insert into Veiculos (ID_Modelo, Ano, Cor, Chassi, PrecoVenda, Status) values (12, 2004, 'vermelho', '091210744', 23132.21, 'Reservado');
insert into Veiculos (ID_Modelo, Ano, Cor, Chassi, PrecoVenda, Status) values (2, 2006, 'branco', '055001122', 193330.84, 'Reservado');
insert into Veiculos (ID_Modelo, Ano, Cor, Chassi, PrecoVenda, Status) values (1, 2006, 'cinza', '211170185', 466647.57, 'Disponível');
insert into Veiculos (ID_Modelo, Ano, Cor, Chassi, PrecoVenda, Status) values (7, 2004, 'branco', '065306118', 355077.67, 'Reservado');
insert into Veiculos (ID_Modelo, Ano, Cor, Chassi, PrecoVenda, Status) values (10, 1994, 'vermelho', '064103833', 38251.42, 'Reservado');
insert into Veiculos (ID_Modelo, Ano, Cor, Chassi, PrecoVenda, Status) values (13, 2005, 'vermelho', '113017346', 279273.83, 'Disponível');
insert into Veiculos (ID_Modelo, Ano, Cor, Chassi, PrecoVenda, Status) values (7, 1995, 'preto', '243373471', 333969.03, 'Vendido');
insert into Veiculos (ID_Modelo, Ano, Cor, Chassi, PrecoVenda, Status) values (13, 2012, 'vermelho', '071922984', 316300.63, 'Disponível');
insert into Veiculos (ID_Modelo, Ano, Cor, Chassi, PrecoVenda, Status) values (9, 2013, 'branco', '072414187', 434858.34, 'Reservado');
insert into Veiculos (ID_Modelo, Ano, Cor, Chassi, PrecoVenda, Status) values (18, 1990, 'vermelho', '071108313', 396307.24, 'Reservado');
insert into Veiculos (ID_Modelo, Ano, Cor, Chassi, PrecoVenda, Status) values (18, 2005, 'preto', '111914302', 384388.21, 'Reservado');
insert into Veiculos (ID_Modelo, Ano, Cor, Chassi, PrecoVenda, Status) values (5, 1954, 'azul', '053111920', 305249.81, 'Reservado');
insert into Veiculos (ID_Modelo, Ano, Cor, Chassi, PrecoVenda, Status) values (2, 1993, 'vermelho', '065201116', 116095.69, 'Disponível');
insert into Veiculos (ID_Modelo, Ano, Cor, Chassi, PrecoVenda, Status) values (15, 2012, 'azul', '122240751', 197030.38, 'Disponível');
insert into Veiculos (ID_Modelo, Ano, Cor, Chassi, PrecoVenda, Status) values (8, 1993, 'azul', '075909576', 207181.87, 'Vendido');
insert into Veiculos (ID_Modelo, Ano, Cor, Chassi, PrecoVenda, Status) values (11, 2006, 'cinza', '121136785', 206136.12, 'Vendido');
insert into Veiculos (ID_Modelo, Ano, Cor, Chassi, PrecoVenda, Status) values (19, 1996, 'cinza', '071904355', 140254.8, 'Reservado');
insert into Veiculos (ID_Modelo, Ano, Cor, Chassi, PrecoVenda, Status) values (1, 2010, 'azul', '267091221', 297255.44, 'Disponível');
insert into Veiculos (ID_Modelo, Ano, Cor, Chassi, PrecoVenda, Status) values (9, 2000, 'vermelho', '091215626', 159372.97, 'Disponível');
insert into Veiculos (ID_Modelo, Ano, Cor, Chassi, PrecoVenda, Status) values (11, 1996, 'preto', '281073555', 137767.08, 'Reservado');
insert into Veiculos (ID_Modelo, Ano, Cor, Chassi, PrecoVenda, Status) values (20, 2002, 'branco', '031318596', 335368.03, 'Disponível');
insert into Veiculos (ID_Modelo, Ano, Cor, Chassi, PrecoVenda, Status) values (10, 1995, 'vinho', '054000551', 456469.75, 'Vendido');
insert into Veiculos (ID_Modelo, Ano, Cor, Chassi, PrecoVenda, Status) values (17, 2000, 'azul', '051502528', 174638.68, 'Disponível');
insert into Veiculos (ID_Modelo, Ano, Cor, Chassi, PrecoVenda, Status) values (5, 2006, 'preto', '011002877', 392282.92, 'Vendido');
insert into Veiculos (ID_Modelo, Ano, Cor, Chassi, PrecoVenda, Status) values (20, 2011, 'cinza', '011900652', 244928.22, 'Reservado');
insert into Veiculos (ID_Modelo, Ano, Cor, Chassi, PrecoVenda, Status) values (3, 1992, 'azul', '073907897', 345250.54, 'Vendido');
insert into Veiculos (ID_Modelo, Ano, Cor, Chassi, PrecoVenda, Status) values (10, 1993, 'branco', '051403630', 32118.91, 'Reservado');
insert into Veiculos (ID_Modelo, Ano, Cor, Chassi, PrecoVenda, Status) values (20, 1998, 'vinho', '321076412', 16959.88, 'Disponível');
insert into Veiculos (ID_Modelo, Ano, Cor, Chassi, PrecoVenda, Status) values (20, 2005, 'azul', '113116218', 385514.17, 'Reservado');
insert into Veiculos (ID_Modelo, Ano, Cor, Chassi, PrecoVenda, Status) values (15, 1994, 'preto', '021902352', 99336.7, 'Reservado');
insert into Veiculos (ID_Modelo, Ano, Cor, Chassi, PrecoVenda, Status) values (11, 1996, 'preto', '051409142', 67769.22, 'Disponível');
insert into Veiculos (ID_Modelo, Ano, Cor, Chassi, PrecoVenda, Status) values (3, 2006, 'vinho', '054001709', 296534.21, 'Reservado');
insert into Veiculos (ID_Modelo, Ano, Cor, Chassi, PrecoVenda, Status) values (2, 1991, 'cinza', '211470319', 139477.09, 'Disponível');
insert into Veiculos (ID_Modelo, Ano, Cor, Chassi, PrecoVenda, Status) values (10, 2011, 'branco', '067012921', 295308.31, 'Reservado');
insert into Veiculos (ID_Modelo, Ano, Cor, Chassi, PrecoVenda, Status) values (15, 2010, 'vinho', '323271493', 414932.16, 'Disponível');
insert into Veiculos (ID_Modelo, Ano, Cor, Chassi, PrecoVenda, Status) values (2, 2002, 'azul', '061020317', 93873.03, 'Vendido');
insert into Veiculos (ID_Modelo, Ano, Cor, Chassi, PrecoVenda, Status) values (6, 1995, 'preto', '122402078', 84946.67, 'Reservado');
insert into Veiculos (ID_Modelo, Ano, Cor, Chassi, PrecoVenda, Status) values (15, 2002, 'preto', '081218536', 36733.39, 'Reservado');
insert into Veiculos (ID_Modelo, Ano, Cor, Chassi, PrecoVenda, Status) values (18, 2010, 'vinho', '103107046', 178064.86, 'Disponível');
insert into Veiculos (ID_Modelo, Ano, Cor, Chassi, PrecoVenda, Status) values (12, 1999, 'vinho', '111921751', 389851.12, 'Disponível');
insert into Veiculos (ID_Modelo, Ano, Cor, Chassi, PrecoVenda, Status) values (7, 2008, 'cinza', '057004680', 99129.74, 'Disponível');
insert into Veiculos (ID_Modelo, Ano, Cor, Chassi, PrecoVenda, Status) values (2, 2008, 'azul', '074905403', 170656.16, 'Vendido');
insert into Veiculos (ID_Modelo, Ano, Cor, Chassi, PrecoVenda, Status) values (11, 2011, 'cinza', '107005801', 124973.92, 'Reservado');
insert into Veiculos (ID_Modelo, Ano, Cor, Chassi, PrecoVenda, Status) values (6, 2010, 'cinza', '062203269', 365853.65, 'Vendido');
insert into Veiculos (ID_Modelo, Ano, Cor, Chassi, PrecoVenda, Status) values (2, 1994, 'azul', '121142517', 201251.04, 'Disponível');
insert into Veiculos (ID_Modelo, Ano, Cor, Chassi, PrecoVenda, Status) values (4, 2006, 'cinza', '111903575', 171359.0, 'Vendido');
insert into Veiculos (ID_Modelo, Ano, Cor, Chassi, PrecoVenda, Status) values (20, 2008, 'preto', '061220146', 266173.56, 'Reservado');
insert into Veiculos (ID_Modelo, Ano, Cor, Chassi, PrecoVenda, Status) values (6, 1998, 'azul', '103100218', 237870.46, 'Reservado');
insert into Veiculos (ID_Modelo, Ano, Cor, Chassi, PrecoVenda, Status) values (7, 2002, 'preto', '081025415', 324346.56, 'Reservado');
insert into Veiculos (ID_Modelo, Ano, Cor, Chassi, PrecoVenda, Status) values (6, 1985, 'vinho', '051403915', 329021.88, 'Disponível');
insert into Veiculos (ID_Modelo, Ano, Cor, Chassi, PrecoVenda, Status) values (4, 1996, 'azul', '091308805', 280036.12, 'Reservado');


-- Importando dados da tabela Vendedores --
insert into Vendedores (NomeCompleto, Matricula) values ('Marcos Rocha', '1280090758');
insert into Vendedores (NomeCompleto, Matricula) values ('Michale Lima', '1697463029');
insert into Vendedores (NomeCompleto, Matricula) values ('Raphael Santos', '6635380728');
insert into Vendedores (NomeCompleto, Matricula) values ('Olivia Costa', '3835528149');
insert into Vendedores (NomeCompleto, Matricula) values ('Maria Silva', '2282503783');


-- Importando dados da tabela Vendas --
insert into vendas (ID_Veiculo, ID_Vendedor, DataVenda, ValorFinal, GeneroCliente) values (66, 1, '2024-09-20', 982116.1, 'Male');
insert into vendas (ID_Veiculo, ID_Vendedor, DataVenda, ValorFinal, GeneroCliente) values (65, 2, '2024-08-20', 818303.9, 'Female');
insert into vendas (ID_Veiculo, ID_Vendedor, DataVenda, ValorFinal, GeneroCliente) values (63, 3, '2023-09-23', 662846.94, 'Genderfluid');
insert into vendas (ID_Veiculo, ID_Vendedor, DataVenda, ValorFinal, GeneroCliente) values (24, 4, '2023-06-06', 462228.45, 'Male');
insert into vendas (ID_Veiculo, ID_Vendedor, DataVenda, ValorFinal, GeneroCliente) values (21, 5, '2024-10-07', 997569.21, 'Male');
insert into vendas (ID_Veiculo, ID_Vendedor, DataVenda, ValorFinal, GeneroCliente) values (11, 1, '2023-01-03', 387005.9, 'Male');
insert into vendas (ID_Veiculo, ID_Vendedor, DataVenda, ValorFinal, GeneroCliente) values (20, 2, '2023-04-29', 909582.94, 'Female');
insert into vendas (ID_Veiculo, ID_Vendedor, DataVenda, ValorFinal, GeneroCliente) values (60, 3, '2023-09-19', 742204.61, 'Male');
insert into vendas (ID_Veiculo, ID_Vendedor, DataVenda, ValorFinal, GeneroCliente) values (31, 4, '2024-02-08', 648967.66, 'Male');
insert into vendas (ID_Veiculo, ID_Vendedor, DataVenda, ValorFinal, GeneroCliente) values (20, 5, '2024-08-01', 546922.04, 'Genderfluid');
insert into vendas (ID_Veiculo, ID_Vendedor, DataVenda, ValorFinal, GeneroCliente) values (4, 1, '2023-04-19', 891157.69, 'Genderqueer');
insert into vendas (ID_Veiculo, ID_Vendedor, DataVenda, ValorFinal, GeneroCliente) values (18, 2, '2024-03-05', 562731.85, 'Male');
insert into vendas (ID_Veiculo, ID_Vendedor, DataVenda, ValorFinal, GeneroCliente) values (51, 3, '2024-01-04', 372415.99, 'Female');
insert into vendas (ID_Veiculo, ID_Vendedor, DataVenda, ValorFinal, GeneroCliente) values (11, 4, '2024-03-17', 879684.99, 'Female');
insert into vendas (ID_Veiculo, ID_Vendedor, DataVenda, ValorFinal, GeneroCliente) values (52, 5, '2023-05-09', 707900.14, 'Male');
insert into vendas (ID_Veiculo, ID_Vendedor, DataVenda, ValorFinal, GeneroCliente) values (55, 1, '2023-05-15', 638199.53, 'Female');
insert into vendas (ID_Veiculo, ID_Vendedor, DataVenda, ValorFinal, GeneroCliente) values (55, 2, '2023-03-06', 569098.48, 'Female');
insert into vendas (ID_Veiculo, ID_Vendedor, DataVenda, ValorFinal, GeneroCliente) values (41, 5, '2023-01-07', 951825.46, 'Agender');
insert into vendas (ID_Veiculo, ID_Vendedor, DataVenda, ValorFinal, GeneroCliente) values (25, 1, '2024-04-02', 952016.69, 'Female');
insert into vendas (ID_Veiculo, ID_Vendedor, DataVenda, ValorFinal, GeneroCliente) values (21, 2, '2023-06-25', 463405.39, 'Female');
insert into vendas (ID_Veiculo, ID_Vendedor, DataVenda, ValorFinal, GeneroCliente) values (9, 3, '2024-09-21', 838469.0, 'Female');
insert into vendas (ID_Veiculo, ID_Vendedor, DataVenda, ValorFinal, GeneroCliente) values (7, 4, '2023-09-23', 759556.31, 'Female');
insert into vendas (ID_Veiculo, ID_Vendedor, DataVenda, ValorFinal, GeneroCliente) values (24, 5, '2024-05-02', 960487.91, 'Male');
insert into vendas (ID_Veiculo, ID_Vendedor, DataVenda, ValorFinal, GeneroCliente) values (10, 1, '2024-10-24', 796090.54, 'Male');
insert into vendas (ID_Veiculo, ID_Vendedor, DataVenda, ValorFinal, GeneroCliente) values (65, 2, '2023-10-25', 776522.21, 'Male');
insert into vendas (ID_Veiculo, ID_Vendedor, DataVenda, ValorFinal, GeneroCliente) values (63, 3, '2025-01-20', 790807.17, 'Male');
insert into vendas (ID_Veiculo, ID_Vendedor, DataVenda, ValorFinal, GeneroCliente) values (45, 4, '2025-04-05', 616102.35, 'Female');
insert into vendas (ID_Veiculo, ID_Vendedor, DataVenda, ValorFinal, GeneroCliente) values (33, 5, '2025-05-18', 695357.57, 'Female');
insert into vendas (ID_Veiculo, ID_Vendedor, DataVenda, ValorFinal, GeneroCliente) values (41, 1, '2024-08-06', 823970.53, 'Female');
insert into vendas (ID_Veiculo, ID_Vendedor, DataVenda, ValorFinal, GeneroCliente) values (1, 2, '2024-06-13', 523074.02, 'Non-binary');
insert into vendas (ID_Veiculo, ID_Vendedor, DataVenda, ValorFinal, GeneroCliente) values (29, 3, '2024-03-16', 675207.23, 'Male');
insert into vendas (ID_Veiculo, ID_Vendedor, DataVenda, ValorFinal, GeneroCliente) values (26, 4, '2024-09-17', 972144.65, 'Male');
insert into vendas (ID_Veiculo, ID_Vendedor, DataVenda, ValorFinal, GeneroCliente) values (35, 5, '2023-06-17', 588235.62, 'Male');
insert into vendas (ID_Veiculo, ID_Vendedor, DataVenda, ValorFinal, GeneroCliente) values (13, 1, '2023-12-31', 716337.96, 'Male');
insert into vendas (ID_Veiculo, ID_Vendedor, DataVenda, ValorFinal, GeneroCliente) values (34, 2, '2023-03-28', 604285.48, 'Male');
insert into vendas (ID_Veiculo, ID_Vendedor, DataVenda, ValorFinal, GeneroCliente) values (31, 3, '2024-06-12', 615065.37, 'Male');
insert into vendas (ID_Veiculo, ID_Vendedor, DataVenda, ValorFinal, GeneroCliente) values (27, 4, '2024-12-17', 549378.72, 'Female');
insert into vendas (ID_Veiculo, ID_Vendedor, DataVenda, ValorFinal, GeneroCliente) values (23, 5, '2023-04-21', 995485.58, 'Female');
insert into vendas (ID_Veiculo, ID_Vendedor, DataVenda, ValorFinal, GeneroCliente) values (10, 1, '2023-07-03', 959408.15, 'Female');
insert into vendas (ID_Veiculo, ID_Vendedor, DataVenda, ValorFinal, GeneroCliente) values (49, 2, '2024-04-09', 864630.51, 'Female');
insert into vendas (ID_Veiculo, ID_Vendedor, DataVenda, ValorFinal, GeneroCliente) values (26, 3, '2024-02-25', 921009.08, 'Male');
insert into vendas (ID_Veiculo, ID_Vendedor, DataVenda, ValorFinal, GeneroCliente) values (20, 4, '2025-02-13', 546224.62, 'Male');
insert into vendas (ID_Veiculo, ID_Vendedor, DataVenda, ValorFinal, GeneroCliente) values (16, 5, '2024-08-10', 375574.38, 'Female');
insert into vendas (ID_Veiculo, ID_Vendedor, DataVenda, ValorFinal, GeneroCliente) values (57, 1, '2024-04-22', 440285.25, 'Agender');
insert into vendas (ID_Veiculo, ID_Vendedor, DataVenda, ValorFinal, GeneroCliente) values (51, 2, '2024-10-13', 364619.84, 'Male');
insert into vendas (ID_Veiculo, ID_Vendedor, DataVenda, ValorFinal, GeneroCliente) values (9, 3, '2024-05-20', 737709.66, 'Female');
insert into vendas (ID_Veiculo, ID_Vendedor, DataVenda, ValorFinal, GeneroCliente) values (27, 4, '2024-06-29', 743781.19, 'Male');
insert into vendas (ID_Veiculo, ID_Vendedor, DataVenda, ValorFinal, GeneroCliente) values (39, 5, '2025-01-06', 533511.66, 'Female');
insert into vendas (ID_Veiculo, ID_Vendedor, DataVenda, ValorFinal, GeneroCliente) values (58, 1, '2023-10-02', 939659.77, 'Female');
insert into vendas (ID_Veiculo, ID_Vendedor, DataVenda, ValorFinal, GeneroCliente) values (17, 2, '2025-06-05', 919429.64, 'Female');
insert into vendas (ID_Veiculo, ID_Vendedor, DataVenda, ValorFinal, GeneroCliente) values (26, 3, '2025-05-15', 451802.61, 'Female');
insert into vendas (ID_Veiculo, ID_Vendedor, DataVenda, ValorFinal, GeneroCliente) values (12, 4, '2024-10-27', 328435.32, 'Female');
insert into vendas (ID_Veiculo, ID_Vendedor, DataVenda, ValorFinal, GeneroCliente) values (4, 5, '2025-02-12', 395021.88, 'Male');
insert into vendas (ID_Veiculo, ID_Vendedor, DataVenda, ValorFinal, GeneroCliente) values (42, 1, '2023-06-29', 481845.19, 'Female');
insert into vendas (ID_Veiculo, ID_Vendedor, DataVenda, ValorFinal, GeneroCliente) values (21, 2, '2024-03-26', 463278.14, 'Male');
insert into vendas (ID_Veiculo, ID_Vendedor, DataVenda, ValorFinal, GeneroCliente) values (23, 3, '2023-11-08', 893118.56, 'Female');
insert into vendas (ID_Veiculo, ID_Vendedor, DataVenda, ValorFinal, GeneroCliente) values (14, 4, '2023-02-11', 753470.3, 'Female');
insert into vendas (ID_Veiculo, ID_Vendedor, DataVenda, ValorFinal, GeneroCliente) values (3, 5, '2023-12-11', 959362.79, 'Female');
insert into vendas (ID_Veiculo, ID_Vendedor, DataVenda, ValorFinal, GeneroCliente) values (19, 1, '2024-04-20', 904224.66, 'Female');
insert into vendas (ID_Veiculo, ID_Vendedor, DataVenda, ValorFinal, GeneroCliente) values (23, 2, '2024-10-02', 965395.02, 'Female');
insert into vendas (ID_Veiculo, ID_Vendedor, DataVenda, ValorFinal, GeneroCliente) values (30, 3, '2024-01-05', 695411.17, 'Male');
insert into vendas (ID_Veiculo, ID_Vendedor, DataVenda, ValorFinal, GeneroCliente) values (33, 4, '2023-09-03', 852246.83, 'Male');
insert into vendas (ID_Veiculo, ID_Vendedor, DataVenda, ValorFinal, GeneroCliente) values (25, 5, '2023-03-22', 595605.58, 'Male');
insert into vendas (ID_Veiculo, ID_Vendedor, DataVenda, ValorFinal, GeneroCliente) values (27, 1, '2023-12-21', 533532.64, 'Male');